l_english:
 ###
 Aban: "Aban"
 Abbad: "Abbad"
 Abbas: "Abbas"
 Abid: "Abid"
 Adam: "Adam"
 Alfonse: "Alfonse"
 Adi: "Adi"
 Adil: "Adil"
 Affan: "Affan"
 Afrasiab: "Afrasiab"
 Aghlab: "Aghlab"
 Ahmad: "Ahmad"
 Ala: "Ala'"
 Ali: "Ali"
 Amin: "Amin"
 Amr: "Amr"
 Anas: "Anas"
 Aqil: "Aqil"
 Ordono: "Ordono"
 Ermengol: "Ermengol"
 As: "As"
 Asad: "Asad"
 Ashhab: "Ashhab"
 Asif: "Asif"
 Asim: "Asim"
 Aslam: "Aslam"
 Ata: "Ata"
 Awn: "Awn"
 Aws: "Aws"
 Job: "Job"
 Aziz: "Aziz"
 Badr: "Badr"
 Bahr: "Bahr"
 Bahram: "Bahram"
 Bakkar: "Bakkar"
 Bakr: "Bakr"
 Velasco: "Velasco"
 Balj: "Balj"
 Barakat: "Barakat"
 Vermudo: "Vermudo"
 Bashir: "Bashir"
 Pascal: "Pascal"
 Bilal: "Bilal"
 Bishr: "Bishr"
 Buhayr: "Buhayr"
 Bukayr: "Bukayr"
 Peter: "Peter"
 Buwayh: "Buwayh"
 David: "David"
 Dinar: "Dinar"
 Dulaf: "Dulaf"
 Fadl: "Fadl"
 Fahr: "Fahr"
 Fajr: "Fajr"
 Faraj: "Faraj"
 Ferdinand: "Ferdinand"
 Fath: "Fath"
 Furat: "Furat"
 Fortun: "Fortun"
 Froila: "Froila"
 Futays: "Futays"
 Ghalib: "Ghalib"
 Galindo: "Galindo"
 Garcia: "Garcia"
 Ghassan: "Ghassan"
 Ghazi: "Ghazi"
 Habib: "Habib"
 Hadi: "Hadi"
 Hafs: "Hafs"
 Hajjaj: "Hajjaj"
 Hakam: "Hakam"
 Hamdan: "Hamdan"
 Hamid: "Hamid"
 Hamza: "Hamza"
 Haris: "Haris"
 Harith: "Harith"
 Harmala: "Harmala"
 Aaron: "Aaron"
 Hasan: "Hasan"
 Hashim: "Hashim"
 Haytham: "Haytham"
 Hayyan: "Hayyan"
 Hazm: "Hazm"
 Hilal: "Hilal"
 Himas: "Himas"
 Hisham: "Hisham"
 Hubab: "Hubab"
 Hubaysh: "Hubaysh"
 Huda: "Huda"
 Hunayn: "Hunayn"
 Husayn: "Husayn"
 Abraham: "Abraham"
 Enoch: "Enoch"
 Elijah: "Elijah"
 Joachim: "Joachim"
 Henry: "Henry"
 Jesus: "Jesus"
 Isaac: "Isaac"
 Isaiah: "Isaiah"
 Ismail: "Ismail"
 Jabir: "Jabir"
 Jafar: "Jafar"
 Jahhaf: "Jahhaf"
 Jahl: "Jahl"
 Jalil: "Jalil"
 Jamal: "Jamal"
 Jami: "Jami"
 Jamil: "Jamil"
 Jarir: "Jarir"
 Gabriel: "Gabriel"
 Jubayr: "Jubayr"
 Juda: "Juda"
 Kamil: "Kamil"
 Khalaf: "Khalaf"
 Khaldun: "Khaldun"
 Khalid: "Khalid"
 Khalil: "Khalil"
 Khattab: "Khattab"
 James: "James"
 Khayr: "Khayr"
 Kumayl: "Kumayl"
 Layth: "Layth"
 Lupus: "Lupus"
 Luqman: "Luqman"
 Lut: "Lut"
 Maad: "Maad"
 Maan: "Maan"
 Mabad: "Mabad"
 Mahbub: "Mahbub"
 Mahdi: "Mahdi"
 Mahmud: "Mahmud"
 Malik: "Malik"
 Mamar: "Mamar"
 Mansur: "Mansur"
 Marwan: "Marwan"
 Maslama: "Maslama"
 Masud: "Masud"
 Matar: "Matar"
 Maymun: "Maymun"
 Michael: "Michael"
 Mihran: "Mihran"
 Miqdam: "Miqdam"
 Mirdas: "Mirdas"
 Muawiya: "Muawiya"
 Mubarak: "Mubarak"
 Mudar: "Mudar"
 Muhammad: "Muhammad"
 Mujahid: "Mujahid"
 Mulahhab: "Mulahhab"
 Mundhir: "Mundhir"
 Muntasir: "Muntasir"
 Moses: "Moses"
 Musab: "Musab"
 Muslim: "Muslim"
 Mustafa: "Mustafa"
 Muti: "Muti"
 Muttalib: "Muttalib"
 Nabit: "Nabit"
 Nafi: "Nafi"
 Naim: "Naim"
 Najih: "Najih"
 Najm: "Najm"
 Nasir: "Nasir"
 Nasr: "Nasr"
 Nazir: "Nazir"
 Nizar: "Nizar"
 Noah: "Noah"
 Numan: "Numan"
 Nusayr: "Nusayr"
 Qabisa: "Qabisa"
 Qaim: "Qaim"
 Charles: "Charles"
 Qasim: "Qasim"
 Qatada: "Qatada"
 Qays: "Qays"
 Qurra: "Qurra"
 Constantine: "Constantine"
 Qutayba: "Qutayba"
 Rabi: "Rabi"
 Rabia: "Rabia"
 Rashid: "Rashid"
 Rawwad: "Rawwad"
 Razin: "Razin"
 Ridwan: "Ridwan"
 Ramiro: "Ramiro"
 Ruh: "Ruh"
 Rushd: "Rushd"
 Sabah: "Sabah"
 Sad: "Sad"
 Sadiq: "Sadiq"
 Sadun: "Sadun"
 Sahl: "Sahl"
 Sahnun: "Sahnun"
 Said: "Said"
 Salama: "Salama"
 Salih: "Salih"
 Salim: "Salim"
 Salman: "Salman"
 Samuel: "Samuel"
 Sattar: "Sattar"
 Shabib: "Shabib"
 Shadhan: "Shadhan"
 Shajar: "Shajar"
 Sancho: "Sancho"
 Sharaf: "Sharaf"
 Sharif: "Sharif"
 Shariq: "Shariq"
 Shayban: "Shayban"
 Shuja: "Shuja"
 Shumayl: "Shumayl"
 Simon: "Simon"
 Sinan: "Sinan"
 Subh: "Subh"
 Sufyan: "Sufyan"
 Sulaym: "Sulaym"
 Solomon: "Solomon"
 Tahir: "Tahir"
 Talha: "Talha"
 Tamim: "Tamim"
 Tammam: "Tammam"
 Tarif: "Tarif"
 Tariq: "Tariq"
 Tayyib: "Tayyib"
 Thabit: "Thabit"
 Ubayd: "Ubayd"
 Ubayda: "Ubayda"
 Ubayy: "Ubayy"
 Ulaym: "Ulaym"
 Umar: "Umar"
 Umayr: "Umayr"
 Umayya: "Umayya"
 Uqba: "Uqba"
 Urayb: "Urayb"
 Usama: "Usama"
 Utba: "Utba"
 Uthman: "Uthman"
 Uways: "Uways"
 Wadi: "Wadi"
 Wahb: "Wahb"
 Wahid: "Wahid"
 Waki: "Waki"
 Walid: "Walid"
 Enneco: "Enneco"
 Wasim: "Wasim"
 John: "John"
 Yala: "Yala"
 Yamut: "Yamut"
 Jacob: "Jacob"
 Yasir: "Yasir"
 Yazid: "Yazid"
 Jonas: "Jonas"
 Joseph: "Joseph"
 Zachariah: "Zachariah"
 Zayd: "Zayd"
 Zayn: "Zayn"
 Ziyad: "Ziyad"
 Zubayr: "Zubayr"
 Zuhayr: "Zuhayr"
 Abbasa: "Abbasa"
 Abida: "Abida"
 Abla: "Abla"
 Adila: "Adila"
 Afira: "Afira"
 Afiya: "Afiya"
 Aisha: "Aisha"
 Aliya: "Aliya"
 Amina: "Amina"
 Amsha: "Amsha"
 Arib: "Arib"
 Arwa: "Arwa"
 Asma: "Asma"
 Asmuna: "Asmuna"
 Athl: "Athl"
 Atika: "Atika"
 Urraca: "Urraca"
 Auria: "Auria"
 Isla: "Isla"
 Ayshuna: "Ayshuna"
 Aziza: "Aziza"
 Baraka: "Baraka"
 Bilqis: "Bilqis"
 Burayha: "Burayha"
 Buthayna: "Buthayna"
 Daana: "Daana"
 Danaa: "Danaa"
 Daniya: "Daniya"
 Dhuna: "Dhuna"
 Dima: "Dima"
 Durr: "Durr"
 Fahra: "Fahra"
 Fannu: "Fannu"
 Fathuna: "Fathuna"
 Fatima: "Fatima"
 Fatna: "Fatna"
 Faynan: "Faynan"
 Futayma: "Futayma"
 Ghada: "Ghada"
 Ghaliba: "Ghaliba"
 Ghamama: "Ghamama"
 Ghaniya: "Ghaniya"
 Ghaya: "Ghaya"
 Ghislain: "Ghislain"
 Habiba: "Habiba"
 Hafsa: "Hafsa"
 Hagar: "Hagar"
 Hakima: "Hakima"
 Halawa: "Halawa"
 Halima: "Halima"
 Hamda: "Hamda"
 Hamduna: "Hamduna"
 Hamida: "Hamida"
 Hanifa: "Hanifa"
 Hassana: "Hassana"
 Eve: "Eve"
 Hawra: "Hawra"
 Hayal: "Hayal"
 Hind: "Hind"
 Hubaba: "Hubaba"
 Humayda: "Humayda"
 Hushayma: "Hushayma"
 Ibtisam: "Ibtisam"
 Idlal: "Idlal"
 Inan: "Inan"
 Ishraq: "Ishraq"
 Itimad: "Itimad"
 Jalida: "Jalida"
 Jalila: "Jalila"
 Jamila: "Jamila"
 Jawhara: "Jawhara"
 Jawra: "Jawra"
 Judur: "Judur"
 Jumana: "Jumana"
 Juml: "Juml"
 Kafat: "Kafat"
 Kanza: "Kanza"
 Karima: "Karima"
 Khadija: "Khadija"
 Khalida: "Khalida"
 Khawla: "Khawla"
 Kinda: "Kinda"
 Layla: "Layla"
 Lidhdha: "Lidhdha"
 Lubaba: "Lubaba"
 Lubna: "Lubna"
 Maha: "Maha"
 Mahabba: "Mahabba"
 Mahbuba: "Mahbuba"
 Mahuna: "Mahuna"
 Mamara: "Mamara"
 Marjan: "Marjan"
 Maria: "Maria"
 Masabih: "Masabih"
 Mashuq: "Mashuq"
 Maymuna: "Maymuna"
 Maysun: "Maysun"
 Mayya: "Mayya"
 Muhja: "Muhja"
 Mulayka: "Mulayka"
 Mumina: "Mumina"
 Muna: "Muna"
 Munia: "Munia"
 Muslima: "Muslima"
 Muta: "Muta"
 Muzahima: "Muzahima"
 Muzayna: "Muzayna"
 Muzna: "Muzna"
 Nadiyya: "Nadiyya"
 Nafisa: "Nafisa"
 Naima: "Naima"
 Najat: "Najat"
 Najiya: "Najiya"
 Najma: "Najma"
 Narjis: "Narjis"
 Nasiba: "Nasiba"
 Nasira: "Nasira"
 Nazhun: "Nazhun"
 Num: "Num"
 Nur: "Nur"
 Nuwayra: "Nuwayra"
 Nuzha: "Nuzha"
 Qamar: "Qamar"
 Qasima: "Qasima"
 Qasmuna: "Qasmuna"
 Radiya: "Radiya"
 Rafiqa: "Rafiqa"
 Rebecca: "Rebecca"
 Rah: "Rah"
 Rachel: "Rachel"
 Rashida: "Rashida"
 Rasis: "Rasis"
 Ray: "Ray"
 Rubab: "Rubab"
 Rayhana: "Rayhana"
 Ruhayma: "Ruhayma"
 Rumayla: "Rumayla"
 Ruqayya: "Ruqayya"
 Saada: "Saada"
 Sada: "Sada"
 Saduna: "Saduna"
 Safiyya: "Safiyya"
 Sakan: "Sakan"
 Salima: "Salima"
 Salma: "Salma"
 Salwa: "Salwa"
 Sama: "Sama"
 Samra: "Samra"
 Sarah: "Sarah"
 Sattara: "Sattara"
 Sawwab: "Sawwab"
 Shajara: "Shajara"
 Shakira: "Shakira"
 Shams: "Shams"
 Shan: "Shan"
 Shariya: "Shariya"
 Shifa: "Shifa"
 Sihr: "Sihr"
 Jimena: "Jimena"
 Suad: "Suad"
 Sukayna: "Sukayna"
 Sura: "Sura"
 Sut: "Sut"
 Tahira: "Tahira"
 Tamu: "Tamu"
 Taqiyya: "Taqiyya"
 Tarifa: "Tarifa"
 Tarub: "Tarub"
 Tazunt: "Tazunt"
 Thuwayba: "Thuwayba"
 Ubayda: "Ubayda"
 Ulayya: "Ulayya"
 Umayna: "Umayna"
 Urtatlim: "Urtatlim"
 Usayma: "Usayma"
 Utayyqa: "Utayyqa"
 Wahida: "Wahida"
 Wallada: "Wallada"
 Ward: "Ward"
 Yahaira: "Yahaira"
 Yamina: "Yamina"
 Yanduza: "Yanduza"
 Zabiba: "Zabiba"
 Zahida: "Zahida"
 Zahira: "Zahira"
 Zahra: "Zahra"
 Zannu: "Zannu"
 Zaynab: "Zaynab"
 Zummurrud: "Zummurrud"
 Zunayra: "Zunayra"
 Muawiyah: "Muawiyah"
 Azzan: "Azzan"
 ServantOne: "ServantOne"
 ServantMighty: "ServantMighty"
 ServantAlmighty: "ServantAlmighty"
 ServantAllSeeing: "ServantAllSeeing"
 ServantConqueror: "ServantConqueror"
 ServantSufficient: "ServantSufficient"
 ServantWise: "ServantWise"
 ServantClement: "ServantClement"
 ServantLuadable: "ServantLuadable"
 ServantTruth: "ServantTruth"
 ServantLivingGod: "ServantLivingGod"
 ServantCompeller: "ServantCompeller"
 ServantExalted: "ServantExalted"
 ServantGenerous: "ServantGenerous"
 ServantCreator: "ServantCreator"
 ServantGod: "ServantGod"
 ServantGentle: "ServantGentle"
 ServantGlorious: "ServantGlorious"
 ServantKing: "ServantKing"
 ServantMessiah: "ServantMessiah"
 ServantHelper: "ServantHelper"
 ServantLight: "ServantLight"
 ServantPowerful: "ServantPowerful"
 ServantQahir: "ServantQahir"
 ServantQawi: "ServantQawi"
 ServantMerciful: "ServantMerciful"
 ServantGracious: "ServantGracious"
 ServantRightMinded: "ServantRightMinded"
 ServantProvider: "ServantProvider"
 ServantPeaceable: "ServantPeaceable"
 ServantEverlasting: "ServantEverlasting"
 ServantGiver: "ServantGiver"
 ServantWahid: "ServantWahid"
 ServantLenient: "ServantLenient"
 Abubakr: "Abubakr"
 ServantAlmightyF: "Amat Aziz"
 ServantLuadableF: "Amat Hamid"
 ServantIzzF: "Amat Izz"
 ServantCreatorF: "Amat Khaliq"
 ServantGodF: "Amatallah"
 ServantGentleF: "Amat Latif"
 ServantKingF: "Amat Malik"
 ServantLightF: "Amat Nur"
 ServantLordF: "Amat Rab"
 ServantMercifulF: "Amat Rahim"
 ServantGraciousF: "Amat Rahman"
 ServantGiverF: "Amat Wahhab"
 Ghiyas: "Ghiyas"
 Jalal: "Jalal"
 Rukn: "Rukn"
 Muzaffar: "Muzaffar"
 Haydar: "Haydar"
 Badr: "Badr"
 Keram: "Keram"
 SwordFaith: "SwordFaith"
